"website_name","url","country","region","category","contact_email","contact_page","reason_to_link","outreach_angle","quality_score_1_10","priority","status","contact_date","follow_up_date","response","link_acquired","anchor_text","target_page","notes"
"Somali NGO Consortium","https://somaliangoconsortium.org/","Somalia","Horn of Africa","NGO network","comms@somaliangoconsortium.org","https://www.somaliangoconsortium.org/about-us/about-us/","Audience includes NGOs and development professionals who need reliable job resources.","Share Somken Jobs as a Somalia NGO and humanitarian careers resource for members.","10","high","not contacted","","","","no","Somken Jobs","https://somkenjobs.com/jobs","Use communications contact; personalize around member career resources."
"Nexus Consortium Somalia","https://nexusom.org/","Somalia","Horn of Africa","NGO network","info@nexusom.org","https://nexusom.org/contact-us/","Humanitarian-development-peacebuilding partners may need job and talent resources.","Offer Somken Jobs as a local careers and employer visibility resource.","9","high","not contacted","","","","no","Somken Jobs","https://somkenjobs.com/jobs","Strong fit for NGO/network resource inclusion."
"iRise Hub","https://irisehub.com/","Somalia","Horn of Africa","startup hub","","https://irisehub.com/about-us/","Startup and youth community can benefit from technology and professional opportunity listings.","Pitch a Somalia youth and startup career resource.","9","high","not contacted","","","","no","Somalia career resources","https://somkenjobs.com/career-resources","Verify best contact before outreach."
"Somali Public Agenda","https://somalipublicagenda.org/","Somalia","Horn of Africa","policy research","ibrahim.osman@somalipublicagenda.org","https://somalipublicagenda.org/news-and-press/press-contact/","Public policy readers and young professionals may value verified career resources.","Share data or resource guide on Somalia public-service and NGO careers.","9","high","not contacted","","","","no","Somalia career resources","https://somkenjobs.com/career-resources","Use media/press angle, not a generic link request."
"SomaliREN","https://somaliren.org/","Somalia","Horn of Africa","education network","","https://somaliren.org/contact/","University network can share graduate career resources across member institutions.","Offer Somken Jobs as a graduate employment and internship resource.","9","high","not contacted","","","","no","Somalia graduate career resource","https://somkenjobs.com/career-resources","Verify contact page and member resource policy."
"SIMAD University","https://simad.edu.so/","Somalia","Horn of Africa","university","","https://simad.edu.so/contact/","Students and alumni need verified internships and professional opportunities.","Ask career/student affairs team to review Somken Jobs for student resources.","9","high","not contacted","","","","no","Somken Jobs","https://somkenjobs.com/jobs","Personalize with relevant Somali graduate jobs."
"University of Hargeisa","https://uoh-edu.net/","Somaliland","Horn of Africa","university","","https://uoh-edu.net/contact/","Students and alumni in Somaliland may use regional jobs and NGO resources.","Pitch a Somaliland/Somalia graduate jobs resource.","9","high","not contacted","","","","no","Somalia jobs resource","https://somkenjobs.com/jobs","Verify current official contact page."
"Amoud University","https://amouduniversity.org/","Somaliland","Horn of Africa","university","","https://amouduniversity.org/contact/","Students and alumni need professional and NGO career resources.","Ask career/student office to consider adding Somken Jobs to resources.","8","high","not contacted","","","","no","Somken Jobs","https://somkenjobs.com/jobs","Verify contact before sending."
"Somali National University","https://snu.edu.so/","Somalia","Horn of Africa","university","","https://snu.edu.so/contact/","Public university audience aligns with graduate employment resources.","Offer a graduate jobs and verified employer resource.","8","high","not contacted","","","","no","Somalia graduate career resource","https://somkenjobs.com/career-resources","Use student support angle."
"Mogadishu University","https://mu.edu.so/","Somalia","Horn of Africa","university","","https://mu.edu.so/contact/","University students and alumni are relevant job seekers.","Request inclusion on career resources if useful to students.","8","high","not contacted","","","","no","Somken Jobs","https://somkenjobs.com/jobs","Verify official career office contact."
"Jamhuriya University of Science and Technology","https://just.edu.so/","Somalia","Horn of Africa","university","","https://just.edu.so/contact/","Technology and business graduates align with professional jobs.","Offer Somken Jobs as a trusted graduate and employer resource.","8","high","not contacted","","","","no","Somken Jobs","https://somkenjobs.com/jobs","Mention tech and development opportunities."
"Benadir University","https://benadiruniversity.edu.so/","Somalia","Horn of Africa","university","","https://benadiruniversity.edu.so/contact/","Students in health and development fields may need NGO job resources.","Pitch health, development, and NGO job listings.","8","high","not contacted","","","","no","Somalia NGO jobs","https://somkenjobs.com/jobs","Verify contact details."
"Somaliland Chamber of Commerce","https://somalilandchamber.com/","Somaliland","Horn of Africa","chamber of commerce","","https://somalilandchamber.com/contact","Business members may benefit from employer visibility and hiring resources.","Offer employer directory/career resource for members.","9","high","not contacted","","","","no","Somken Jobs","https://somkenjobs.com/jobs","Strong chamber fit."
"Somali Chamber of Commerce and Industry","https://somalichamber.so/","Somalia","Horn of Africa","chamber of commerce","info@somalichamber.so","https://somalichamber.so/","Members may need hiring visibility and legitimate candidate channels.","Pitch as a business community employment and employer resource.","9","high","not contacted","","","","no","Somken Jobs","https://somkenjobs.com/jobs","Confirm site/contact before outreach."
"Chamber of Commerce South West State Somalia","https://ccsws.so/","Somalia","Horn of Africa","chamber of commerce","info@ccsws.so","https://ccsws.so/","Regional businesses may use job and professional directory resources.","Offer regional employer visibility and job seeker resource.","8","high","not contacted","","","","no","Somken Jobs","https://somkenjobs.com/jobs","Good regional business fit."
"NAFIS Network","https://nafisnetwork.org/","Somalia","Horn of Africa","NGO","","https://nafisnetwork.org/contact/","Somken already lists NAFIS roles; employer may link to current postings or profile.","Ask them to review their listing and link from careers/resources if useful.","9","high","not contacted","","","","no","NAFIS jobs on Somken Jobs","https://somkenjobs.com/jobs","Employer-listed outreach."
"Shaqodoon Organization","https://shaqodoon.org/","Somalia","Horn of Africa","youth employment NGO","","https://shaqodoon.org/contact/","Youth employment mission aligns with job discovery and career resources.","Suggest collaboration around youth job resources.","9","high","not contacted","","","","no","Somalia youth jobs resource","https://somkenjobs.com/career-resources","High mission fit."
"Heritage Institute for Policy Studies","https://heritageinstitute.org/","Somalia","Horn of Africa","policy research","","https://heritageinstitute.org/contact/","Policy and public-service readers may value Somalia career resources.","Share data-driven public-service careers guide.","8","high","not contacted","","","","no","Somalia public-service career resources","https://somkenjobs.com/career-resources","Best after publishing public-service guide."
"SOS Children's Villages Somalia","https://www.sos-childrensvillages.org/where-we-help/africa/somalia","Somalia","Horn of Africa","NGO","","https://www.sos-childrensvillages.org/contact","Current/historical employer listings can help applicants find verified roles.","Ask careers/comms team to review active listing links.","8","high","not contacted","","","","no","SOS jobs on Somken Jobs","https://somkenjobs.com/jobs","Employer-listed outreach."
"Save the Children Somalia","https://somalia.savethechildren.net/","Somalia","Horn of Africa","NGO","","https://somalia.savethechildren.net/contact-us","Large NGO employer; candidates benefit from verified job source cross-reference.","Share employer listing and ask if useful for careers/resource page.","8","high","not contacted","","","","no","Save the Children jobs","https://somkenjobs.com/jobs","Avoid implying endorsement."
"Danish Refugee Council Somalia","https://drc.ngo/our-work/where-we-work/east-africa-great-lakes/somalia/","Somalia","Horn of Africa","NGO","","https://drc.ngo/contact-us/","Humanitarian job seekers follow DRC roles and resources.","Ask to review Somken listings for accuracy and potential resource inclusion.","8","high","not contacted","","","","no","DRC Somalia jobs","https://somkenjobs.com/jobs","Employer/resource angle."
"Norwegian Refugee Council Somalia","https://www.nrc.no/countries/africa/somalia/","Somalia","Horn of Africa","NGO","","https://www.nrc.no/contact/","NRC audience and job seekers overlap strongly with Somken Jobs.","Share current job resource and invite corrections.","8","high","not contacted","","","","no","NRC Somalia jobs","https://somkenjobs.com/jobs","Employer-listed outreach."
"Concern Worldwide Somalia","https://www.concern.net/where-we-work/somalia","Somalia","Horn of Africa","NGO","","https://www.concern.net/contact","Development and humanitarian professionals use job resources.","Offer Somken Jobs as additional visibility for Somalia roles.","7","high","not contacted","","","","no","Somalia humanitarian jobs","https://somkenjobs.com/jobs","Use careful non-commercial wording."
"World Vision Somalia","https://www.wvi.org/somalia","Somalia","Horn of Africa","NGO","","https://www.wvi.org/contact-us","Large employer in development/humanitarian sector.","Ask if Somken can be listed as a regional job resource.","7","high","not contacted","","","","no","Somalia NGO jobs","https://somkenjobs.com/jobs","Avoid exact-match anchor requests."
"CARE Somalia","https://www.care.org/our-work/where-we-work/somalia/","Somalia","Horn of Africa","NGO","","https://www.care.org/contact-us/","Development professionals and local candidates overlap with Somken audience.","Share resource and ask for corrections or inclusion where useful.","7","high","not contacted","","","","no","Somken Jobs","https://somkenjobs.com/jobs","May be better through local office."
"Mercy Corps Somalia","https://www.mercycorps.org/where-we-work/somalia","Somalia","Horn of Africa","NGO","","https://www.mercycorps.org/contact-us","Humanitarian employer with relevant applicants.","Ask if verified job listings can help applicants discover roles.","7","high","not contacted","","","","no","Somken Jobs","https://somkenjobs.com/jobs","Employer-listed angle."
"Oxfam Somalia","https://www.oxfam.org/en/what-we-do/countries/somalia","Somalia","Horn of Africa","NGO","","https://www.oxfam.org/en/contact-us","International NGO roles are relevant to Somken users.","Share as candidate-facing regional career resource.","7","high","not contacted","","","","no","Somalia NGO jobs","https://somkenjobs.com/jobs","Use resource angle only."
"ActionAid Somaliland","https://somaliland.actionaid.org/","Somaliland","Horn of Africa","NGO","","https://somaliland.actionaid.org/contact-us","Local NGO audiences align with gender, youth, and development careers.","Suggest inclusion in resources for job seekers and partners.","7","high","not contacted","","","","no","Somalia development jobs","https://somkenjobs.com/jobs","Verify page availability before outreach."
"Adeso","https://adesoafrica.org/","Somalia","Horn of Africa","NGO","","https://adesoafrica.org/contact-us/","Somali-founded NGO with development audience.","Share Somalia NGO career/resource page.","8","high","not contacted","","","","no","Somalia NGO career resources","https://somkenjobs.com/career-resources","Good story angle."
"Himilo Relief and Development Association","https://hirda.org/","Somalia","Horn of Africa","NGO","","https://hirda.org/contact/","Diaspora and Somalia development network may share job/career resources.","Offer verified opportunities resource for Somali professionals.","7","high","not contacted","","","","no","Somken Jobs","https://somkenjobs.com/jobs","Verify best contact."
"Kenya National Chamber of Commerce and Industry","https://www.kenyachamber.or.ke/","Kenya","East Africa","chamber of commerce","","https://www.kenyachamber.or.ke/","Member companies may benefit from hiring and talent visibility.","Offer Somken Jobs as East Africa employer and career resource.","9","high","not contacted","","","","no","East Africa jobs resource","https://somkenjobs.com/jobs","Use business community angle."
"Kenya Private Sector Alliance","https://kepsa.or.ke/","Kenya","East Africa","business association","","https://kepsa.or.ke/contact-us/","Private sector members need workforce and job visibility resources.","Pitch employer/talent resource for members and youth employment initiatives.","9","high","not contacted","","","","no","Somken Jobs","https://somkenjobs.com/jobs","Strong partnership target."
"Kenya Association of Manufacturers","https://kam.co.ke/","Kenya","East Africa","business association","","https://kam.co.ke/contact-us/","Manufacturing employers and job seekers may use sector career resources.","Pitch sector job/resource hub for employers and graduates.","8","high","not contacted","","","","no","Kenya employer resources","https://somkenjobs.com/career-resources","Best after sector pages exist."
"East African Business Council","https://eabc-online.com/","Tanzania","East Africa","business association","","https://eabc-online.com/contact-us/","Regional business network matches East Africa employer/job resource angle.","Ask about inclusion in member resources or regional opportunity pages.","8","high","not contacted","","","","no","East Africa jobs resource","https://somkenjobs.com/jobs","Regional target."
"University of Nairobi Office of Career Services","https://careerservices.uonbi.ac.ke/","Kenya","East Africa","university career office","careers@uonbi.ac.ke","https://aa-education.uonbi.ac.ke/basic-page/career-services","Career office links students with jobs, internships, and employers.","Offer Somken Jobs as an East Africa NGO/development jobs resource.","10","high","not contacted","","","","no","East Africa jobs resource","https://somkenjobs.com/jobs","Use student career resource template."
"Kenyatta University Career Services","https://career.ku.ac.ke/","Kenya","East Africa","university career office","careers@ku.ac.ke.com","https://career.ku.ac.ke/","Career center supports students seeking jobs and internships.","Request resource page inclusion for NGO and development jobs.","9","high","not contacted","","","","no","East Africa jobs resource","https://somkenjobs.com/jobs","Email from page appears unusual; verify before sending."
"Strathmore University Career Development Services","https://strathmore.edu/","Kenya","East Africa","university career office","","https://strathmore.edu/contact-us/","Students and alumni are relevant for professional opportunities.","Pitch curated East Africa professional and NGO job resource.","8","high","not contacted","","","","no","Somken Jobs","https://somkenjobs.com/jobs","Find specific career services contact first."
"USIU-Africa Career Services","https://www.usiu.ac.ke/","Kenya","East Africa","university career office","","https://www.usiu.ac.ke/contact-us/","International university students align with regional job resources.","Offer NGO, development, and professional job resource.","8","high","not contacted","","","","no","East Africa jobs resource","https://somkenjobs.com/jobs","Verify career services contact."
"Dedan Kimathi University Career Services","https://careerservices.dkut.ac.ke/","Kenya","East Africa","university career office","careerservices@dkut.ac.ke","https://careerservices.dkut.ac.ke/contact-us/","Career services page supports employer engagement and student jobs.","Ask to list Somken Jobs among external career resources.","9","high","not contacted","","","","no","Somken Jobs","https://somkenjobs.com/jobs","Strong contact data."
"Chuka University Career Services","https://careerservices.chuka.ac.ke/","Kenya","East Africa","university career office","","https://careerservices.chuka.ac.ke/","Career services already shares jobs and skills resources.","Suggest adding Somken Jobs for East Africa NGO/professional roles.","8","high","not contacted","","","","no","East Africa jobs resource","https://somkenjobs.com/jobs","Good resource-page target."
"Zetech University Careers","https://careers.zetech.ac.ke/","Kenya","East Africa","university career office","careers@zetech.ac.ke","https://careers.zetech.ac.ke/index.php?mod=contacts","University career audience is relevant for verified job opportunities.","Ask to include Somken Jobs as a student career resource.","8","high","not contacted","","","","no","Somken Jobs","https://somkenjobs.com/jobs","Use student career template."
"Kisii University Career Services","https://kisiiuniversity.ac.ke/dptabout/about-the-department-career-services","Kenya","East Africa","university career office","","https://kisiiuniversity.ac.ke/dptabout/about-the-department-career-services","Department helps students access internships, jobs, and volunteer opportunities.","Share Somken Jobs for regional job discovery.","8","high","not contacted","","","","no","East Africa jobs resource","https://somkenjobs.com/jobs","Find direct office email before sending."
"Engineers Board of Kenya","https://ebk.go.ke/","Kenya","East Africa","professional regulator","","https://ebk.go.ke/contact-us/","Engineering professionals may benefit from verified construction/engineering career resources.","Pitch future engineering careers/resource guide rather than homepage.","8","high","not contacted","","","","no","Engineering jobs resource","https://somkenjobs.com/jobs","Best after engineering resource page exists."
"Kenya Society of Engineers","https://kse.co.ke/","Kenya","East Africa","professional association","","https://kse.co.ke/contact-us/","Professional engineers may need job and career resources.","Offer engineering and construction career resource for members.","8","high","not contacted","","","","no","Engineering career resources","https://somkenjobs.com/career-resources","Good association fit."
"Institution of Engineers of Kenya","https://iekenya.org/","Kenya","East Africa","professional association","","https://iekenya.org/contact/","Engineering professionals are a target sector for Somken resources.","Pitch engineering jobs/resource hub for members.","8","high","not contacted","","","","no","Engineering jobs resource","https://somkenjobs.com/jobs","Verify contact page."
"Architectural Association of Kenya","https://aak.or.ke/","Kenya","East Africa","professional association","","https://aak.or.ke/contact-us/","Architecture and built-environment professionals align with construction content.","Pitch construction/engineering company directory or jobs guide.","8","high","not contacted","","","","no","Construction career resources","https://somkenjobs.com/career-resources","Best after construction resource page exists."
"Construction Review Online","https://constructionreviewonline.com/","Kenya","Africa","media","editorial@constructionreviewonline.com","https://constructionreviewonline.com/contact-us/","Construction audience fits engineering and employer directory content.","Offer data/resource story on construction jobs in East Africa.","8","high","not contacted","","","","no","East Africa construction jobs resource","https://somkenjobs.com/career-resources","Media/blog template; only pitch with useful content."
"Construction Kenya","https://www.constructionkenya.com/","Kenya","East Africa","media","","https://www.constructionkenya.com/contact-us/","Audience follows Kenya construction sector and employers.","Pitch useful construction companies/jobs guide.","8","high","not contacted","","","","no","Kenya construction jobs resource","https://somkenjobs.com/career-resources","Best after publishing guide."
"iHub Nairobi","https://ihub.co.ke/","Kenya","East Africa","startup hub","","https://ihub.co.ke/contact","Tech/startup community aligns with professional job resources.","Offer Somken Jobs as a regional professional opportunity resource.","8","high","not contacted","","","","no","East Africa jobs resource","https://somkenjobs.com/jobs","Startup ecosystem angle."
"Nailab","https://nailab.co.ke/","Kenya","East Africa","startup hub","","https://nailab.co.ke/contact/","Entrepreneur and youth audience may value verified opportunities.","Pitch youth and startup career resource.","8","high","not contacted","","","","no","Somken Jobs","https://somkenjobs.com/career-resources","Verify current activity before outreach."
"Kibabii University Office of Career Services","https://ocs.kibu.ac.ke/","Kenya","East Africa","university career office","","https://ocs.kibu.ac.ke/ocs-team/","Career office audience matches job and internship resources.","Ask to include Somken Jobs in external job resources.","7","medium","not contacted","","","","no","East Africa jobs resource","https://somkenjobs.com/jobs","Validate contact before outreach."
"Moi University","https://www.mu.ac.ke/","Kenya","East Africa","university","","https://www.mu.ac.ke/index.php/contact-us","Students and graduates may use regional job resources.","Ask career office/student affairs about useful jobs resource listing.","7","medium","not contacted","","","","no","Somken Jobs","https://somkenjobs.com/jobs","Find specific career services contact."
"JKUAT","https://www.jkuat.ac.ke/","Kenya","East Africa","university","","https://www.jkuat.ac.ke/contact-us/","Engineering and technology students align with professional jobs.","Pitch engineering/technology career resource.","7","medium","not contacted","","","","no","East Africa jobs resource","https://somkenjobs.com/jobs","Best after engineering page exists."
"Technical University of Kenya","https://tukenya.ac.ke/","Kenya","East Africa","university","","https://tukenya.ac.ke/contact-us/","Technical students align with construction and professional career resources.","Ask career office to review Somken as external resource.","7","medium","not contacted","","","","no","Technical jobs resource","https://somkenjobs.com/jobs","Verify career contact."
"Mount Kenya University","https://www.mku.ac.ke/","Kenya","East Africa","university","","https://www.mku.ac.ke/contact-us/","Large student body relevant to job and internship resources.","Pitch graduate job resources for East Africa.","7","medium","not contacted","","","","no","Somken Jobs","https://somkenjobs.com/jobs","Find careers/student affairs contact."
"KCA University","https://www.kca.ac.ke/","Kenya","East Africa","university","","https://www.kca.ac.ke/contact-us/","Business and technology students align with professional opportunities.","Share regional jobs resource.","7","medium","not contacted","","","","no","East Africa jobs resource","https://somkenjobs.com/jobs","Verify contact."
"Africa Nazarene University","https://www.anu.ac.ke/","Kenya","East Africa","university","","https://www.anu.ac.ke/contact-us/","Students may value NGO, public-service, and professional jobs.","Ask for inclusion in career resources.","7","medium","not contacted","","","","no","Somken Jobs","https://somkenjobs.com/jobs","University template."
"Daystar University","https://www.daystar.ac.ke/","Kenya","East Africa","university","","https://www.daystar.ac.ke/contact-us","Students and alumni align with career resources.","Pitch NGO and development job resource.","7","medium","not contacted","","","","no","East Africa jobs resource","https://somkenjobs.com/jobs","Verify best office contact."
"Riara University","https://riarauniversity.ac.ke/","Kenya","East Africa","university","","https://riarauniversity.ac.ke/contact-us/","Professional students may need verified jobs and internships.","Ask to add resource for East Africa careers.","6","medium","not contacted","","","","no","Somken Jobs","https://somkenjobs.com/jobs","Use career office contact if available."
"Moringa School","https://moringaschool.com/","Kenya","East Africa","training provider","","https://moringaschool.com/contact-us/","Tech graduates need job resources and employer visibility.","Pitch tech and regional opportunity resource.","7","medium","not contacted","","","","no","Tech jobs resource","https://somkenjobs.com/jobs","Best if tech jobs page exists."
"Gearbox Kenya","https://www.gearbox.co.ke/","Kenya","East Africa","innovation hub","","https://www.gearbox.co.ke/contact/","Hardware and innovation community aligns with engineering opportunities.","Pitch engineering/startup career resource.","7","medium","not contacted","","","","no","Engineering jobs resource","https://somkenjobs.com/career-resources","Verify contact."
"GrowthAfrica","https://growthafrica.com/","Kenya","Africa","startup accelerator","","https://growthafrica.com/contact/","Entrepreneurship network may share talent and employer resources.","Offer regional employer and career visibility resource.","7","medium","not contacted","","","","no","East Africa jobs resource","https://somkenjobs.com/jobs","Startup ecosystem angle."
"VC4A","https://vc4a.com/","Netherlands","Africa","startup platform","","https://vc4a.com/contact/","African startup platform lists ecosystem resources and opportunities.","Pitch Somali/Kenyan startup and career resource.","7","medium","not contacted","","","","no","Somken Jobs","https://somkenjobs.com/career-resources","Resource page needed first."
"StartupBlink","https://www.startupblink.com/","Global","Global","startup directory","","https://www.startupblink.com/contact","Startup ecosystem directory may reference regional resources.","Submit only if there is a legitimate resource listing path.","6","medium","not contacted","","","","no","Somalia startup career resources","https://somkenjobs.com/career-resources","Avoid paid directory offers."
"Disrupt Africa","https://disrupt-africa.com/","South Africa","Africa","media","","https://disrupt-africa.com/contact/","African tech/business readers may value Somalia/Kenya hiring insights.","Pitch data story after publishing hiring report.","7","medium","not contacted","","","","no","East Africa hiring report","https://somkenjobs.com/career-resources","Media outreach only with data."
"TechCabal","https://techcabal.com/","Nigeria","Africa","media","","https://techcabal.com/contact/","African tech audience may cover East Africa startup/career trends.","Pitch data-led story, not a generic backlink.","7","medium","not contacted","","","","no","East Africa jobs data","https://somkenjobs.com/career-resources","Use media template."
"TechMoran","https://techmoran.com/","Kenya","East Africa","media","","https://techmoran.com/contact-us/","Kenya tech/business readers align with opportunity resources.","Pitch startup and youth employment resource.","7","medium","not contacted","","","","no","Kenya career resources","https://somkenjobs.com/career-resources","Media template."
"CIO Africa","https://cioafrica.co/","Kenya","Africa","media","","https://cioafrica.co/contact-us/","Technology leadership audience may value talent trend data.","Pitch East Africa hiring trends report.","7","medium","not contacted","","","","no","East Africa hiring report","https://somkenjobs.com/career-resources","Best after publishing data."
"WeeTracker","https://weetracker.com/","Kenya","Africa","media","","https://weetracker.com/contact-us/","African startup/business audience may cover jobs and ecosystem growth.","Pitch data/resource story.","6","medium","not contacted","","","","no","East Africa jobs resource","https://somkenjobs.com/career-resources","Verify activity before outreach."
"AfricArena","https://www.africarena.com/","South Africa","Africa","startup platform","","https://www.africarena.com/contact","African startup ecosystem may value talent resources.","Offer startup hiring resource for East Africa founders.","6","medium","not contacted","","","","no","Startup jobs resource","https://somkenjobs.com/jobs","Resource fit depends on content."
"Baobab Network","https://thebaobabnetwork.com/","Kenya","Africa","startup investor","","https://thebaobabnetwork.com/contact","Startup founders may need hiring and talent resources.","Share employer/talent guide for startups.","6","medium","not contacted","","","","no","East Africa startup jobs","https://somkenjobs.com/jobs","Partnership angle."
"Nation Africa","https://nation.africa/kenya","Kenya","East Africa","media","","https://nation.africa/kenya/contact-us-330232","Large audience; useful only for data-driven employment story.","Pitch job market data/report, not resource-page link.","7","medium","not contacted","","","","no","East Africa hiring report","https://somkenjobs.com/career-resources","High bar for editorial relevance."
"Business Daily Africa","https://www.businessdailyafrica.com/","Kenya","East Africa","media","","https://www.businessdailyafrica.com/bd/page/contact-us-2048368","Business readers align with labor market and employer trend content.","Pitch data-backed article idea.","7","medium","not contacted","","","","no","East Africa hiring report","https://somkenjobs.com/career-resources","Only after publishing report."
"The Standard Kenya","https://www.standardmedia.co.ke/","Kenya","East Africa","media","","https://www.standardmedia.co.ke/contact-us","Broad Kenyan audience; potential for youth/jobs resources.","Pitch career guide or job scam safety guide.","6","medium","not contacted","","","","no","Kenya career resources","https://somkenjobs.com/career-resources","Use focused story."
"The Star Kenya","https://www.the-star.co.ke/","Kenya","East Africa","media","","https://www.the-star.co.ke/contact-us","Broad news audience; useful for employment data stories.","Pitch monthly hiring trends or job scam guide.","6","medium","not contacted","","","","no","Kenya job safety guide","https://somkenjobs.com/career-resources","Media template."
"Capital FM Kenya","https://www.capitalfm.co.ke/","Kenya","East Africa","media","","https://www.capitalfm.co.ke/contact-us/","Business and lifestyle readers may value career resources.","Pitch graduate career guide or job scam guide.","6","medium","not contacted","","","","no","Kenya career resources","https://somkenjobs.com/career-resources","Use human-interest angle."
"Citizen Digital","https://www.citizen.digital/","Kenya","East Africa","media","","https://www.citizen.digital/contact-us","High reach; only pitch strong employment data or public-service guide.","Offer data from Somken Jobs if unique.","6","medium","not contacted","","","","no","East Africa hiring report","https://somkenjobs.com/career-resources","Do not pitch generic link."
"Tuko","https://www.tuko.co.ke/","Kenya","East Africa","media","","https://www.tuko.co.ke/contact-us/","Career and opportunities content may fit if useful to readers.","Pitch practical job seeker guide.","5","medium","not contacted","","","","no","Kenya career resources","https://somkenjobs.com/career-resources","Check editorial standards first."
"The EastAfrican","https://www.theeastafrican.co.ke/","Kenya","East Africa","media","","https://www.theeastafrican.co.ke/tea/page/contact-us-3921930","Regional publication aligns with East Africa labor market analysis.","Pitch East Africa humanitarian hiring trends.","7","medium","not contacted","","","","no","East Africa hiring report","https://somkenjobs.com/career-resources","Data-led outreach."
"Hiiraan Online","https://www.hiiraan.com/","Somalia","Horn of Africa","media","","https://www.hiiraan.com/contact.aspx","Somali diaspora and local readers may value career resources.","Pitch Somalia career or job scam safety guide.","7","medium","not contacted","","","","no","Somalia jobs resource","https://somkenjobs.com/jobs","Somali audience fit."
"Garowe Online","https://www.garoweonline.com/","Somalia","Horn of Africa","media","","https://www.garoweonline.com/en/contact-us","Somalia news readers may value public-service and NGO job resources.","Pitch Somali jobs and youth employment resource.","7","medium","not contacted","","","","no","Somalia jobs resource","https://somkenjobs.com/jobs","Media template."
"Somali Guardian","https://somaliguardian.com/","Somalia","Horn of Africa","media","","https://somaliguardian.com/contact-us/","Somalia-focused audience aligns with career and public-service resources.","Pitch data/resource story.","6","medium","not contacted","","","","no","Somalia career resources","https://somkenjobs.com/career-resources","Verify editorial contact."
"Radio Dalsan","https://www.radiodalsan.com/","Somalia","Horn of Africa","media","","https://www.radiodalsan.com/contact-us/","Somalia audience may benefit from job scam safety or youth jobs guide.","Pitch public-service career resource.","6","medium","not contacted","","","","no","Somalia jobs resource","https://somkenjobs.com/jobs","Good public-service angle."
"Goobjoog News","https://goobjoog.com/","Somalia","Horn of Africa","media","","https://goobjoog.com/contact-us/","Somalia news audience may value verified job resources.","Pitch job safety or career guide.","6","medium","not contacted","","","","no","Somalia career resources","https://somkenjobs.com/career-resources","Verify contact."
"Horseed Media","https://horseedmedia.net/","Somalia","Horn of Africa","media","","https://horseedmedia.net/contact-us/","Somali readers may use career resources and public-service directories.","Pitch useful Somalia jobs guide.","6","medium","not contacted","","","","no","Somalia jobs resource","https://somkenjobs.com/jobs","Media template."
"Kenya NGO Coordination Board","https://ngobureau.go.ke/","Kenya","East Africa","government/public resource","","https://ngobureau.go.ke/contact-us/","Registered NGO ecosystem overlaps with NGO job seekers and employers.","Ask if career/resource guide is suitable for external resources.","7","medium","not contacted","","","","no","Kenya NGO career resources","https://somkenjobs.com/career-resources","Government resource outreach; be conservative."
"Kenya Public Service Commission","https://www.publicservice.go.ke/","Kenya","East Africa","government/public resource","","https://www.publicservice.go.ke/contact-us/","Public-service job seekers may use complementary career resources.","Only pitch public-service career guide if clearly useful.","6","medium","not contacted","","","","no","Kenya public-service career resources","https://somkenjobs.com/career-resources","May not link; keep low-pressure."
"Kenya Ministry of Labour and Social Protection","https://labour.go.ke/","Kenya","East Africa","government/public resource","","https://labour.go.ke/contact-us/","Labor market and job safety content may support public awareness.","Pitch job scam verification guide.","6","medium","not contacted","","","","no","Job scam safety guide","https://somkenjobs.com/career-resources","Best after publishing safety guide."
"Ajira Digital","https://ajiradigital.go.ke/","Kenya","East Africa","government/public resource","","https://ajiradigital.go.ke/contact-us","Youth and digital jobs program aligns with career resources.","Share East Africa verified jobs and remote work guides.","7","medium","not contacted","","","","no","Remote jobs guide","https://somkenjobs.com/career-resources","Good youth employment fit."
"Somalia Ministry of Labour and Social Affairs","https://molgov.so/","Somalia","Horn of Africa","government/public resource","","https://molgov.so/contact/","Public labor agency audience overlaps with job seekers.","Offer public-service job safety or verified opportunity guide.","7","medium","not contacted","","","","no","Somalia job seeker resources","https://somkenjobs.com/career-resources","Verify current official contact."
"Somalia Ministry of Planning","https://mop.gov.so/","Somalia","Horn of Africa","government/public resource","","https://mop.gov.so/contact/","Development and public-resource audience overlaps with NGO careers.","Pitch public-service and NGO career resource.","6","medium","not contacted","","","","no","Somalia NGO career resources","https://somkenjobs.com/career-resources","Best with strong resource page."
"National Communications Authority Somalia","https://nca.gov.so/","Somalia","Horn of Africa","government/public resource","","https://nca.gov.so/contact/","ICT sector professionals may value verified opportunities.","Pitch ICT/professional opportunities resource.","6","medium","not contacted","","","","no","Somalia professional jobs","https://somkenjobs.com/jobs","Only if ICT resource exists."
"ACRED Somalia","https://acred.org/","Somalia","Horn of Africa","NGO","","https://acred.org/contact-us/","Local NGO audience aligns with Somalia jobs and public-service resources.","Ask to review resource and consider listing for beneficiaries/partners.","7","medium","not contacted","","","","no","Somalia NGO jobs","https://somkenjobs.com/jobs","Local NGO outreach."
"SASMO Somalia","https://sasmosomalia.org/","Somalia","Horn of Africa","NGO","","https://sasmosomalia.org/contact/","Local NGO and rights-based audience may benefit from opportunities.","Share career resources for NGO and protection roles.","7","medium","not contacted","","","","no","Somalia NGO jobs","https://somkenjobs.com/jobs","Verify contact."
"Somali Emergency Aid","https://www.sea.org.so/","Somalia","Horn of Africa","NGO","","https://www.sea.org.so/contact-us/","Local NGO network may share verified job opportunities.","Ask if resource is useful for community and partners.","7","medium","not contacted","","","","no","Somalia NGO jobs","https://somkenjobs.com/jobs","Local NGO outreach."
"HURDO Somalia","https://hurdo.org/","Somalia","Horn of Africa","NGO","","https://hurdo.org/contact/","Women-led NGO audience aligns with development careers.","Pitch women-focused career resources.","7","medium","not contacted","","","","no","Women career resources","https://somkenjobs.com/career-resources","Good content fit."
"Somali Recovery and Resilience Initiative","https://sorrisom.org/","Somalia","Horn of Africa","NGO","info@sorrisom.org","https://sorrisom.org/","Development and resilience professionals overlap with Somken users.","Offer Somalia development jobs resource.","7","medium","not contacted","","","","no","Somalia development jobs","https://somkenjobs.com/jobs","Contact visible on homepage."
"Somali Relief and Development Society","https://sordes.ngo/","Somalia","Horn of Africa","NGO","","https://sordes.ngo/contact/","Local NGO audience may use career resources.","Ask for resource inclusion if useful.","6","medium","not contacted","","","","no","Somalia NGO jobs","https://somkenjobs.com/jobs","Verify activity."
"IIDA Women's Development Organisation","https://iida.so/","Somalia","Horn of Africa","NGO","","https://iida.so/contact/","Women and community development audience aligns with career resources.","Pitch women-focused career guide.","6","medium","not contacted","","","","no","Women career resources","https://somkenjobs.com/career-resources","Best after guide exists."
"Tadamun Social Society","https://tadamun.so/","Somalia","Horn of Africa","NGO","","https://tadamun.so/contact/","Local NGO with development programming and likely job seeker audience.","Share Somalia NGO career resource.","6","medium","not contacted","","","","no","Somalia NGO jobs","https://somkenjobs.com/jobs","Verify current official URL."
"American Chamber of Commerce Kenya","https://www.amcham.co.ke/","Kenya","East Africa","chamber of commerce","info@amcham.co.ke","https://www.amcham.co.ke/contact-us","Member businesses may need hiring resources.","Offer employer and professional jobs resource.","7","medium","not contacted","","","","no","East Africa jobs resource","https://somkenjobs.com/jobs","Strong contact info."
"British Chamber of Commerce Kenya","https://bcckenya.org/","Kenya","East Africa","chamber of commerce","","https://bcckenya.org/contact-us/","Business members may benefit from talent and employer visibility resources.","Pitch employer resource for members.","6","medium","not contacted","","","","no","Kenya employer resources","https://somkenjobs.com/career-resources","Verify membership/resource policy."
"European Business Council Kenya","https://ebc-kenya.org/","Kenya","East Africa","business association","","https://ebc-kenya.org/contact/","International business network may value hiring and talent resources.","Offer Kenya/East Africa employer resource.","6","medium","not contacted","","","","no","East Africa jobs resource","https://somkenjobs.com/jobs","Business association template."
"Kenya Green Building Society","https://kgbs.co.ke/","Kenya","East Africa","professional association","","https://kgbs.co.ke/contact-us/","Built environment professionals align with construction career resources.","Pitch green building and construction careers guide.","7","medium","not contacted","","","","no","Construction career resources","https://somkenjobs.com/career-resources","Best after construction page exists."
"Institute of Quantity Surveyors of Kenya","https://iqskenya.org/","Kenya","East Africa","professional association","","https://iqskenya.org/contact-us/","Quantity surveyors align with construction jobs and resources.","Offer built-environment job resource.","7","medium","not contacted","","","","no","Construction jobs resource","https://somkenjobs.com/jobs","Verify contact."
"BORAQS Kenya","https://boraqs.or.ke/","Kenya","East Africa","professional regulator","","https://boraqs.or.ke/contact-us/","Architects and quantity surveyors may benefit from verified sector jobs.","Pitch construction/engineering careers resource.","7","medium","not contacted","","","","no","Construction career resources","https://somkenjobs.com/career-resources","Government/regulator caution."
"Association of Consulting Engineers of Kenya","https://acek.co.ke/","Kenya","East Africa","professional association","","https://acek.co.ke/contact-us/","Consulting engineers align with professional job and employer resources.","Offer engineering jobs guide for members.","7","medium","not contacted","","","","no","Engineering jobs resource","https://somkenjobs.com/jobs","Verify contact."
"Kenya Association of Private Employment Agencies","https://kapea.or.ke/","Kenya","East Africa","professional association","","https://kapea.or.ke/contact/","Employment agency association aligns with job market transparency.","Pitch job safety and verified employer resources.","7","medium","not contacted","","","","no","Verified job resource","https://somkenjobs.com/career-resources","Avoid link exchange language."
"Association of Kenya Suppliers","https://aks.co.ke/","Kenya","East Africa","business association","info@aks.co.ke","https://aks.co.ke/","Supplier network can use employer/resource visibility.","Pitch employer resource and business hiring guide.","6","medium","not contacted","","","","no","Kenya employer resources","https://somkenjobs.com/career-resources","Contact visible on homepage."
"Federation of African Engineering Organisations","https://faeo.org/","Africa","Africa","professional association","","https://faeo.org/contact/","Pan-African engineering network could value regional engineering resources.","Pitch engineering career resource after page is built.","6","medium","not contacted","","","","no","Engineering career resources","https://somkenjobs.com/career-resources","Regional association."
"Kenya Red Cross Society","https://www.redcross.or.ke/","Kenya","East Africa","NGO","","https://www.redcross.or.ke/contact-us/","Humanitarian professionals follow Red Cross and regional jobs.","Ask careers/comms team to review resource usefulness.","7","medium","not contacted","","","","no","Kenya humanitarian jobs","https://somkenjobs.com/jobs","Employer/resource angle."
"Amref Health Africa","https://amref.org/","Kenya","Africa","NGO","","https://amref.org/contact-us/","Health NGO professionals align with Somken job categories.","Share health and NGO job resource.","7","medium","not contacted","","","","no","East Africa health NGO jobs","https://somkenjobs.com/jobs","Best if health sector page exists."
"Act Change Transform Kenya","https://act.or.ke/","Kenya","East Africa","NGO","","https://act.or.ke/contact-us/","Civil society network may share NGO career resources.","Pitch NGO careers and verified job resource.","7","medium","not contacted","","","","no","Kenya NGO career resources","https://somkenjobs.com/career-resources","NGO resource template."
"Hivos East Africa","https://hivos.org/office/east-africa/","Kenya","East Africa","NGO","","https://hivos.org/contact/","Development and civic-tech audience overlaps with job seekers.","Share East Africa development jobs resource.","6","medium","not contacted","","","","no","East Africa development jobs","https://somkenjobs.com/jobs","Resource angle."
"Akili Dada","https://akilidada.org/","Kenya","East Africa","NGO","","https://akilidada.org/contact/","Young women leadership audience aligns with career resources.","Pitch women-focused career guide.","7","medium","not contacted","","","","no","Women career resources","https://somkenjobs.com/career-resources","Best after women-focused guide exists."
"Shining Hope for Communities","https://www.shofco.org/","Kenya","East Africa","NGO","","https://www.shofco.org/contact/","Community development audience may use job/career resources.","Offer NGO and public-service career resource.","6","medium","not contacted","","","","no","Kenya NGO jobs","https://somkenjobs.com/jobs","Verify contact."
"Mzalendo Trust","https://info.mzalendo.com/","Kenya","East Africa","civic platform","","https://info.mzalendo.com/contact/","Civic/public-service audience may value public-sector career guides.","Pitch public-service resource page.","6","medium","not contacted","","","","no","Kenya public-service career resources","https://somkenjobs.com/career-resources","Only after guide exists."
"Ushahidi","https://www.ushahidi.com/","Kenya","Africa","civic tech","","https://www.ushahidi.com/contact","Civic-tech and humanitarian tech community may value regional opportunities.","Pitch civic-tech and NGO job resource.","6","medium","not contacted","","","","no","East Africa civic-tech jobs","https://somkenjobs.com/jobs","Tech/civic angle."
"BRCK","https://www.brck.com/","Kenya","East Africa","technology company","","https://www.brck.com/contact/","Technology professionals and partners may value career resources.","Offer tech/professional jobs resource.","5","medium","not contacted","","","","no","East Africa tech jobs","https://somkenjobs.com/jobs","Company outreach only if natural."
"Africa's Talking","https://africastalking.com/","Kenya","Africa","technology company","","https://africastalking.com/contact","Developer ecosystem may benefit from regional tech jobs.","Pitch tech jobs/resource guide.","5","medium","not contacted","","","","no","East Africa tech jobs","https://somkenjobs.com/jobs","Potential low conversion."
"Sendy","https://www.sendyit.com/","Kenya","East Africa","technology/logistics company","","https://www.sendyit.com/contact","Employer profile or career resource angle if listed.","Ask to review listing if present; otherwise low priority.","5","medium","not contacted","","","","no","Somken Jobs","https://somkenjobs.com/jobs","Only if organization is listed."
"Twiga Foods","https://twiga.com/","Kenya","East Africa","company","","https://twiga.com/contact/","Large employer; possible listed organization outreach.","Ask to review organization listing if present.","5","medium","not contacted","","","","no","Somken Jobs","https://somkenjobs.com/jobs","Do not contact without listing/content fit."
"Wasoko","https://wasoko.com/","Kenya","Africa","company","","https://wasoko.com/contact/","Regional employer; possible job/resource connection.","Ask to review profile only if listed.","5","medium","not contacted","","","","no","Somken Jobs","https://somkenjobs.com/jobs","Company-listed outreach only."
"SafeBoda Kenya","https://www.safeboda.com/ke/","Kenya","East Africa","company","","https://www.safeboda.com/ke/contact","Potential employer profile if listed.","Ask to review listing if present.","5","medium","not contacted","","","","no","Somken Jobs","https://somkenjobs.com/jobs","Verify relevance first."
"Somali Jobs","https://somalijobs.com/","Somalia","Horn of Africa","job board","","https://somalijobs.com/contact","Relevant but competitor; link unlikely and not first-choice outreach.","Potential collaboration only if mutually useful and not excessive exchange.","4","low","not contacted","","","","no","Somken Jobs","https://somkenjobs.com/jobs","Avoid reciprocal link scheme."
"ReliefWeb","https://reliefweb.int/","Global","Global","humanitarian platform","","https://reliefweb.int/contact","Highly relevant source platform but unlikely to link to smaller aggregator.","Use for content citation, not normal outreach.","5","low","not contacted","","","","no","Somken Jobs","https://somkenjobs.com/jobs","Do not scrape outreach angle; respect terms."
"Devex","https://www.devex.com/","Global","Global","development platform","","https://www.devex.com/contact","Development careers audience overlaps but conversion unlikely.","Pitch data or source only if unique and editorially useful.","5","low","not contacted","","","","no","East Africa development jobs","https://somkenjobs.com/jobs","Avoid competitor link request."
"Idealist","https://www.idealist.org/","Global","Global","nonprofit job platform","","https://www.idealist.org/en/contact-us","Nonprofit careers audience overlaps but link unlikely.","Potential resource partnership only.","4","low","not contacted","","","","no","Somken Jobs","https://somkenjobs.com/jobs","Low priority competitor."
"UNjobs","https://unjobs.org/","Global","Global","job board","","https://unjobs.org/contact","Highly relevant but competitor/resource link unlikely.","No outreach unless there is a specific collaboration reason.","4","low","not contacted","","","","no","Somken Jobs","https://somkenjobs.com/jobs","Low priority."
"UN Volunteers","https://www.unv.org/","Global","Global","public service platform","","https://www.unv.org/contact-us","Volunteering and public-service audience overlaps with career resources.","Pitch volunteering/career guide if useful.","5","low","not contacted","","","","no","Public-service career resources","https://somkenjobs.com/career-resources","Global institutional target."
"FundsforNGOs","https://www2.fundsforngos.org/","Global","Global","NGO resource platform","","https://www2.fundsforngos.org/contact-us/","NGO audience may value career/resource guides.","Pitch useful NGO hiring resource, not link request.","5","low","not contacted","","","","no","NGO career resources","https://somkenjobs.com/career-resources","Check paid placement risk; avoid paid offers."
"Opportunity Desk","https://opportunitydesk.org/","Global","Global","opportunity platform","","https://opportunitydesk.org/contact-us/","Audience seeks jobs, fellowships, and opportunities.","Submit only if editorially appropriate and free.","5","low","not contacted","","","","no","East Africa opportunities","https://somkenjobs.com/jobs","Avoid paid submissions."
"African Business","https://african.business/","Africa","Africa","media","","https://african.business/contact","Business audience may value labor market data.","Pitch annual hiring trends only when data is strong.","5","low","not contacted","","","","no","East Africa hiring report","https://somkenjobs.com/career-resources","Media pitch later."
"How We Made It In Africa","https://www.howwemadeitinafrica.com/","Africa","Africa","media","","https://www.howwemadeitinafrica.com/contact/","Entrepreneurship readers may value employer/talent data.","Pitch regional hiring insights when available.","5","low","not contacted","","","","no","East Africa hiring report","https://somkenjobs.com/career-resources","Later-stage outreach."
"Pan African Chamber of Commerce and Industry","https://pacci.org/","Africa","Africa","business association","","https://pacci.org/contact-us/","Pan-African business network may use employer/resource pages.","Pitch employer resource after stronger content exists.","5","low","not contacted","","","","no","African employer resources","https://somkenjobs.com/career-resources","Lower immediate relevance."
"COMESA Business Council","https://comesabusinesscouncil.org/","Zambia","Africa","business association","","https://comesabusinesscouncil.org/contact-us/","Regional business body may value workforce resources.","Pitch regional employer resource only after content depth improves.","5","low","not contacted","","","","no","East Africa employer resources","https://somkenjobs.com/career-resources","Later-stage prospect."
"African Union Youth Program","https://au.int/en/youth-development","Africa","Africa","public resource","","https://au.int/en/contact","Youth employment audience overlaps with career resources.","Pitch youth employment guide if relevant.","5","low","not contacted","","","","no","Youth career resources","https://somkenjobs.com/career-resources","High bar for inclusion."
"UNDP Somalia","https://www.undp.org/somalia","Somalia","Horn of Africa","UN agency","","https://www.undp.org/somalia/contact-us","Public development audience overlaps with jobs and resources.","Only pitch if resource supports local capacity/careers.","5","low","not contacted","","","","no","Somalia development jobs","https://somkenjobs.com/jobs","Institutional link unlikely."
"UNDP Kenya","https://www.undp.org/kenya","Kenya","East Africa","UN agency","","https://www.undp.org/kenya/contact-us","Development professionals may value job resources.","Pitch career guide only if useful.","5","low","not contacted","","","","no","Kenya development jobs","https://somkenjobs.com/jobs","Institutional link unlikely."
"UNICEF Somalia","https://www.unicef.org/somalia/","Somalia","Horn of Africa","UN agency","","https://www.unicef.org/somalia/contact-us","Large employer and public-service audience.","Ask to review listings only if current jobs are shown.","5","low","not contacted","","","","no","UNICEF Somalia jobs","https://somkenjobs.com/jobs","Avoid generic link request."
"UNICEF Kenya","https://www.unicef.org/kenya/","Kenya","East Africa","UN agency","","https://www.unicef.org/kenya/contact-us","Large employer and public-service audience.","Potential employer listing review only.","5","low","not contacted","","","","no","UNICEF Kenya jobs","https://somkenjobs.com/jobs","Low conversion."
"WFP Somalia","https://www.wfp.org/countries/somalia","Somalia","Horn of Africa","UN agency","","https://www.wfp.org/contact","Humanitarian professionals overlap with Somken Jobs.","Employer listing review only if current jobs exist.","5","low","not contacted","","","","no","Somalia humanitarian jobs","https://somkenjobs.com/jobs","Institutional link unlikely."
"WFP Kenya","https://www.wfp.org/countries/kenya","Kenya","East Africa","UN agency","","https://www.wfp.org/contact","Humanitarian audience overlaps with Somken Jobs.","Employer listing/resource angle only.","5","low","not contacted","","","","no","Kenya humanitarian jobs","https://somkenjobs.com/jobs","Institutional link unlikely."
"Association of African Universities","https://www.aau.org/","Africa","Africa","education network","","https://www.aau.org/contact-us/","University network may value graduate career resources.","Pitch African graduate career resource after page exists.","5","low","not contacted","","","","no","Graduate career resources","https://somkenjobs.com/career-resources","Broad regional target."
"African Leadership Academy","https://www.africanleadershipacademy.org/","South Africa","Africa","education","","https://www.africanleadershipacademy.org/contact/","Youth leadership audience may value career resources.","Pitch East Africa career resources selectively.","4","low","not contacted","","","","no","Youth career resources","https://somkenjobs.com/career-resources","Lower geographic fit."
"African Leadership University","https://www.alueducation.com/","Rwanda","Africa","university","","https://www.alueducation.com/contact-us/","Students and alumni may value Africa-wide job resources.","Pitch East Africa professional opportunities if relevant.","5","low","not contacted","","","","no","East Africa jobs resource","https://somkenjobs.com/jobs","Later-stage education target."
"Ashesi University Career Services","https://www.ashesi.edu.gh/","Ghana","Africa","university","","https://www.ashesi.edu.gh/contact-us.html","High-quality university but outside initial geography.","Pitch only if Africa-wide resource exists.","4","low","not contacted","","","","no","Africa career resources","https://somkenjobs.com/career-resources","Lower priority."
"African Management Institute","https://www.africanmanagers.org/","Kenya","Africa","professional training","","https://www.africanmanagers.org/contact-us/","Professionals and entrepreneurs may value hiring resources.","Pitch manager/employer resource if useful.","5","low","not contacted","","","","no","East Africa career resources","https://somkenjobs.com/career-resources","Potential partnership."
"ALX Africa","https://www.alxafrica.com/","Africa","Africa","training provider","","https://www.alxafrica.com/contact/","Learners need job and career resources across Africa.","Pitch verified job resources after tech/career content exists.","5","low","not contacted","","","","no","East Africa tech jobs","https://somkenjobs.com/jobs","Large platform; low conversion."
"Andela","https://www.andela.com/","Global","Africa","talent platform","","https://www.andela.com/contact/","Talent platform overlaps with professional opportunities.","Potential content collaboration only.","4","low","not contacted","","","","no","East Africa tech jobs","https://somkenjobs.com/jobs","Not a natural early link target."
"Digital Opportunity Trust Kenya","https://www.dotrust.org/","Kenya","East Africa","youth employment NGO","","https://www.dotrust.org/contact/","Youth digital jobs mission aligns with career resources.","Share youth career guide.","6","low","not contacted","","","","no","Youth career resources","https://somkenjobs.com/career-resources","Validate Kenya-specific contact."
"AIESEC Kenya","https://aiesec.or.ke/","Kenya","East Africa","student organization","","https://aiesec.or.ke/contact/","Student and youth opportunities audience aligns with internships and jobs.","Pitch graduate/internship resources.","6","low","not contacted","","","","no","Graduate career resources","https://somkenjobs.com/career-resources","Good if active."
"Enactus Kenya","https://enactuskenya.org/","Kenya","East Africa","student entrepreneurship","","https://enactuskenya.org/contact/","Student entrepreneurs may value career and professional resources.","Offer youth career resources.","5","low","not contacted","","","","no","Youth career resources","https://somkenjobs.com/career-resources","Verify activity."
"Somaliland Youth Development Association","https://soyda.org/","Somaliland","Horn of Africa","youth NGO","","https://soyda.org/contact/","Youth employment and development audience aligns with Somken Jobs.","Pitch Somaliland/Somalia youth career resource.","6","low","not contacted","","","","no","Somalia youth jobs","https://somkenjobs.com/career-resources","Verify official site."
"Somali Youth Development Network","https://soyden.org/","Somalia","Horn of Africa","youth NGO","","https://soyden.org/contact/","Youth development audience may use job resources.","Pitch youth employment guide.","6","low","not contacted","","","","no","Somalia youth jobs","https://somkenjobs.com/career-resources","Verify contact."
"Somali Women Development Centre","https://swdc.so/","Somalia","Horn of Africa","women NGO","","https://swdc.so/contact/","Women-focused NGO audience aligns with career resources.","Pitch women career guide.","6","low","not contacted","","","","no","Women career resources","https://somkenjobs.com/career-resources","Verify site/contact."
"Elman Peace","https://elmanpeace.org/","Somalia","Horn of Africa","NGO","","https://elmanpeace.org/contact/","Youth, peacebuilding, and development audience overlaps with job resources.","Share public-service and NGO career resource.","6","low","not contacted","","","","no","Somalia NGO jobs","https://somkenjobs.com/jobs","Potentially good but verify."
"Candlelight Somaliland","https://candlelightsom.org/","Somaliland","Horn of Africa","NGO","","https://candlelightsom.org/contact/","Local development audience may use job and resources.","Pitch Somaliland development career resource.","6","low","not contacted","","","","no","Somalia development jobs","https://somkenjobs.com/jobs","Verify contact."
"KAALO Aid and Development","https://kaalo.org/","Somalia","Horn of Africa","NGO","","https://kaalo.org/contact/","Local NGO and partners may value verified jobs.","Share Somalia NGO careers resource.","6","low","not contacted","","","","no","Somalia NGO jobs","https://somkenjobs.com/jobs","Verify site."
"Puntland Development Research Center","https://pdrcsomalia.org/","Somalia","Horn of Africa","research organization","","https://pdrcsomalia.org/contact/","Research and development audience aligns with public-service careers.","Pitch Puntland/Somalia career resource.","6","low","not contacted","","","","no","Somalia career resources","https://somkenjobs.com/career-resources","Good regional content fit."
"Rift Valley Institute","https://riftvalley.net/","Kenya","East Africa","research organization","","https://riftvalley.net/contact","Horn/East Africa research audience may value public-service resources.","Pitch data-driven employment resource.","5","low","not contacted","","","","no","East Africa career resources","https://somkenjobs.com/career-resources","Use only with strong resource."
"International Crisis Group Horn of Africa","https://www.crisisgroup.org/africa/horn-africa","Global","Horn of Africa","research organization","","https://www.crisisgroup.org/contact","Policy audience is relevant but link unlikely.","Only cite or pitch if publishing labor-market/policy resource.","4","low","not contacted","","","","no","Somalia public-service resources","https://somkenjobs.com/career-resources","Low outreach priority."
"Africa Portal","https://www.africaportal.org/","Africa","Africa","research platform","","https://www.africaportal.org/contact/","Research platform may reference data-rich public resources.","Pitch only research-grade hiring report.","5","low","not contacted","","","","no","East Africa hiring report","https://somkenjobs.com/career-resources","Later-stage only."
"Open Capital Advisors","https://opencapital.com/","Kenya","Africa","consulting company","","https://opencapital.com/contact/","Employer/talent and market insights overlap with career resources.","Potential employer profile review if listed.","4","low","not contacted","","","","no","Somken Jobs","https://somkenjobs.com/jobs","Do not contact unless natural fit."
"Dalberg Africa","https://dalberg.com/","Africa","Africa","consulting company","","https://dalberg.com/contact/","Development consulting employer; candidate audience relevant.","Employer profile review only if listed.","4","low","not contacted","","","","no","Development jobs","https://somkenjobs.com/jobs","Low conversion."
"Briter Bridges","https://briterbridges.com/","Africa","Africa","data platform","","https://briterbridges.com/contact/","Africa ecosystem data platform may value job market data.","Pitch data collaboration after publishing report.","5","low","not contacted","","","","no","East Africa hiring report","https://somkenjobs.com/career-resources","Data pitch only."
"African Tech Roundup","https://africantechroundup.com/","Africa","Africa","media","","https://africantechroundup.com/contact/","Tech audience may value startup hiring resources.","Pitch tech career resource if strong.","4","low","not contacted","","","","no","East Africa tech jobs","https://somkenjobs.com/jobs","Low priority."
"Techpoint Africa","https://techpoint.africa/","Nigeria","Africa","media","","https://techpoint.africa/contact-us/","African tech media may cover regional employment trends.","Pitch only data-driven East Africa story.","4","low","not contacted","","","","no","East Africa hiring report","https://somkenjobs.com/career-resources","Later-stage media."
"Innovation Village","https://innovation-village.com/","Uganda","East Africa","startup hub","","https://innovation-village.com/contact/","East Africa startup network may value opportunity resources.","Pitch East Africa startup jobs guide.","5","low","not contacted","","","","no","East Africa startup jobs","https://somkenjobs.com/jobs","Regional but outside first markets."
"Outbox Uganda","https://outbox.co.ug/","Uganda","East Africa","startup hub","","https://outbox.co.ug/contact/","Regional startup community may use career resources.","Pitch startup jobs resource later.","5","low","not contacted","","","","no","East Africa jobs resource","https://somkenjobs.com/jobs","Later expansion."
"BongoHive","https://bongohive.co.zm/","Zambia","Africa","startup hub","","https://bongohive.co.zm/contact/","African startup hub; lower geographic fit.","Potential Africa-wide startup jobs resource.","4","low","not contacted","","","","no","Africa startup jobs resource","https://somkenjobs.com/career-resources","Later-stage only."
"CcHUB","https://cchub.africa/","Nigeria","Africa","startup hub","","https://cchub.africa/contact/","Pan-African tech ecosystem may value talent resources.","Pitch Africa tech job resource only if content expands.","4","low","not contacted","","","","no","Africa tech jobs resource","https://somkenjobs.com/jobs","Low priority."
